run_id,estimate_name,antibody_target,pin_latitude,pin_longitude,state,test_manufacturer,pin_region_type
1,210208_Canada_CBS_BloodDonors_Age_25-39_UnAdj,Nucleocapsid (N-protein),52.7458531839,-60.0393930155171, Newfoundland and Labrador,Abbott,state
1,210208_Canada_CBS_BloodDonors_Age_25-39_UnAdj,Nucleocapsid (N-protein),50.607768475437496,-90.16348255945016," Prince Edward Island,  Nova Scotia,  New Brunswick,  Ontario,  Manitoba,  Saskatchewan,  Alberta, British Columbia",Abbott,state
1,210112_Canada_CBS_BloodDonors_Ethnicity_Asian_PopAdjTestAdj,Nucleocapsid (N-protein),47.743264742525,-63.17733302131818," Newfoundland and Labrador,  Prince Edward Island,  Nova Scotia,  New Brunswick",Abbott,state
1,210112_Canada_CBS_BloodDonors_Ethnicity_Asian_PopAdjTestAdj,Nucleocapsid (N-protein),53.32698840346,-105.72758428116914," Ontario,  Manitoba,  Saskatchewan,  Alberta, British Columbia",Abbott,state
1,201017_Vancouver_UniversityofBritishColumbia_LTCF_residents,Nucleocapsid (N-protein),49.2609,-123.1139,British Columbia," Siemens ,  Abbott,  Ortho Vitros ",city
1,201017_Vancouver_UniversityofBritishColumbia_LTCF_residents,"Nucleocapsid (N-protein), Spike",48.99988932596796,-123.12305775597682,British Columbia,"DiaSorin,  Siemens ,  Abbott,  Ortho Vitros ",city
1,200819_Canada_CBS_BloodDonors_60+,Nucleocapsid (N-protein),49.57327083565,-61.644473207378354," Newfoundland and Labrador,  Prince Edward Island",Abbott,state
1,200819_Canada_CBS_BloodDonors_60+,Nucleocapsid (N-protein),51.2087799023,-94.00832958233738," Nova Scotia,  New Brunswick,  Manitoba,  Saskatchewan,  Alberta,  British Columbia, Ontario",Abbott,state
1,210125_Canada_UniversityofToronto_Phase1_Ethnicity_Indigenous,Spike,50.9338828115,-74.24991651277594," Prince Edward Island,  Nova Scotia,  Newfoundland and Labrador,  New Brunswick,  Northwest Territories","Network Biology Collaborative
Centre at Sinai Health",state
1,210125_Canada_UniversityofToronto_Phase1_Ethnicity_Indigenous,Spike,54.21998443544286,-104.9521143224215," Manitoba,  Saskatchewan,  Alberta,  Quebec,  Yukon,  British Columbia, Ontario","Network Biology Collaborative
Centre at Sinai Health",state
1,210208_Canada_CBS_BloodDonors_Age_60+_PopAdjTestAdj,Nucleocapsid (N-protein),49.73584212372621,-61.911100785251335," Newfoundland and Labrador,  Prince Edward Island",Abbott,state
1,210208_Canada_CBS_BloodDonors_Age_60+_PopAdjTestAdj,Nucleocapsid (N-protein),51.3126239316845,-94.40631401750662," Nova Scotia,  New Brunswick,  Ontario,  Manitoba,  Saskatchewan,  Alberta, British Columbia",Abbott,state
1,210112_Canada_CBS_BloodDonors_Age_25-39_UnAdj,Nucleocapsid (N-protein),48.08492452564,-67.3926626771244," Newfoundland and Labrador,  Prince Edward Island,  Nova Scotia,  New Brunswick,  Ontario",Abbott,state
1,210112_Canada_CBS_BloodDonors_Age_25-39_UnAdj,Nucleocapsid (N-protein),54.2958445898,-111.0959850263741," Manitoba,  Saskatchewan,  Alberta, British Columbia",Abbott,state
1,201218_Canada_CBS_BloodDonors_Ethnicity_White_PopAdjTestAdj,Nucleocapsid (N-protein),48.42477595153586,-67.34958299843683," Newfoundland and Labrador,  Prince Edward Island,  Nova Scotia,  New Brunswick,  Ontario",Abbott,state
1,201218_Canada_CBS_BloodDonors_Ethnicity_White_PopAdjTestAdj,Nucleocapsid (N-protein),54.18131439941404,-111.56015822929047," Manitoba,  Saskatchewan,  Alberta, British Columbia",Abbott,state
1,210112_Canada_CBS_BloodDonors_Sex_Male_PopAdjTestAdj,Nucleocapsid (N-protein),48.980851504633335,-72.5722765209289," Newfoundland and Labrador,  Prince Edward Island,  Nova Scotia,  New Brunswick,  Ontario,  Manitoba",Abbott,state
1,210112_Canada_CBS_BloodDonors_Sex_Male_PopAdjTestAdj,Nucleocapsid (N-protein),54.574297319866666,-115.30453145518166," Saskatchewan,  Alberta, British Columbia",Abbott,state
1,210112_Canada_CBS_BloodDonors_Ethnicity_Indigenous_UnAdj,Nucleocapsid (N-protein),49.56546714172881,-61.58581399763508," Newfoundland and Labrador,  Prince Edward Island",Abbott,state
1,210112_Canada_CBS_BloodDonors_Ethnicity_Indigenous_UnAdj,Nucleocapsid (N-protein),51.46453975785906,-94.38263555510095," Nova Scotia,  New Brunswick,  Ontario,  Manitoba,  Saskatchewan,  Alberta, British Columbia",Abbott,state
1,210125_Canada_UniversityofToronto_Phase1_70yo&older_sp,Spike,47.48935309943684,-63.316154323232674," Prince Edward Island,  Nova Scotia,  Newfoundland and Labrador,  New Brunswick","Network Biology Collaborative
Centre at Sinai Health",state
1,210125_Canada_UniversityofToronto_Phase1_70yo&older_sp,Spike,55.4045307669375,-106.65063134194469," Northwest Territories,  Manitoba,  Saskatchewan,  Alberta,  Quebec,  Yukon,  British Columbia, Ontario","Network Biology Collaborative
Centre at Sinai Health",state
1,210208_Canada_CBS_BloodDonors_Age_40-59_UnAdj,Nucleocapsid (N-protein),52.28100038673429,-60.388152710731156, Newfoundland and Labrador,Abbott,state
1,210208_Canada_CBS_BloodDonors_Age_40-59_UnAdj,Nucleocapsid (N-protein),50.40243983468337,-89.98227302870039," Prince Edward Island,  Nova Scotia,  New Brunswick,  Ontario,  Manitoba,  Saskatchewan,  Alberta, British Columbia",Abbott,state
1,210112_Canada_CBS_BloodDonors_Sex_Female_PopAdjTestAdj,Nucleocapsid (N-protein),49.68487342388571,-77.36675444316734," Newfoundland and Labrador,  Prince Edward Island,  Nova Scotia,  New Brunswick,  Ontario,  Manitoba,  Saskatchewan",Abbott,state
1,210112_Canada_CBS_BloodDonors_Sex_Female_PopAdjTestAdj,Nucleocapsid (N-protein),54.9069435101,-119.8899861944735," Alberta, British Columbia",Abbott,state
1,200715_GreaterVancouverArea_BC-Centre-for-Disease-Control_MaySnapshot_OverallPopAdj,"Nucleocapsid (N-protein), Spike",55.164124488461475,-125.13798665371235,British Columbia," Siemens Healthineers,  Ortho-Clinical Diagnostics, Abbott",state
1,200715_GreaterVancouverArea_BC-Centre-for-Disease-Control_MaySnapshot_OverallPopAdj,Spike,54.811370073582154,-125.27261282857403,British Columbia,Abbott,state
1,210125_Canada_UniversityofToronto_Phase1_PopAdj_sn,Spike,51.35498340951666,-78.28665471730518," Prince Edward Island,  Nova Scotia,  Newfoundland and Labrador,  New Brunswick,  Northwest Territories,  Manitoba","Network Biology Collaborative
Centre at Sinai Health",state
1,210125_Canada_UniversityofToronto_Phase1_PopAdj_sn,Spike,54.34656744141667,-106.03240908616652," Saskatchewan,  Alberta,  Quebec,  Yukon,  British Columbia, Ontario","Network Biology Collaborative
Centre at Sinai Health",state
1,210112_Canada_CBS_BloodDonors_Age_25-39_PopAdjTestAdj,Nucleocapsid (N-protein),48.483185602117175,-72.21150126567518," Newfoundland and Labrador,  Prince Edward Island,  Nova Scotia,  New Brunswick,  Ontario,  Manitoba",Abbott,state
1,210112_Canada_CBS_BloodDonors_Age_25-39_PopAdjTestAdj,Nucleocapsid (N-protein),54.89592340747617,-115.0352484628238," Saskatchewan,  Alberta, British Columbia",Abbott,state
1,200819_Canada_CBS_BloodDonors_25-39,Nucleocapsid (N-protein),50.15751711491068,-90.19343130011963," Prince Edward Island,  Nova Scotia,  New Brunswick,  Manitoba,  Saskatchewan,  Alberta,  British Columbia, Ontario",Abbott,state
1,200819_Canada_CBS_BloodDonors_25-39,Nucleocapsid (N-protein),52.545510114186136,-60.399542978658715, Newfoundland and Labrador,Abbott,state
1,200819_Canada_CBS_BloodDonors_Female_Adjusted,Nucleocapsid (N-protein),52.3113894696,-104.63838892314214," British Columbia, Ontario",Abbott,state
1,200819_Canada_CBS_BloodDonors_Female_Adjusted,Nucleocapsid (N-protein),49.72375838485,-76.21888330030369," Newfoundland and Labrador,  Prince Edward Island,  Nova Scotia,  New Brunswick,  Manitoba,  Saskatchewan",Abbott,state
1,200819_Canada_CBS_BloodDonors_Female_Adjusted,Nucleocapsid (N-protein),54.976760567513914,-114.77712020926451, Alberta,Abbott,state
1,201218_Canada_CBS_BloodDonors_Age_17-24_UnAdj,Nucleocapsid (N-protein),47.341507552527844,-62.72690278915581," Newfoundland and Labrador,  Prince Edward Island,  Nova Scotia,  New Brunswick",Abbott,state
1,201218_Canada_CBS_BloodDonors_Age_17-24_UnAdj,Nucleocapsid (N-protein),53.19413977430672,-105.8861205747281," Ontario,  Manitoba,  Saskatchewan,  Alberta, British Columbia",Abbott,state
2,210125_Canada_UniversityofToronto_Phase1_60to69yo_sn,Spike,52.95865261664,-89.66376049745459," Prince Edward Island,  Nova Scotia,  Newfoundland and Labrador,  New Brunswick,  Northwest Territories,  Manitoba,  Saskatchewan,  Alberta,  Quebec,  Yukon","Network Biology Collaborative
Centre at Sinai Health",state
2,210125_Canada_UniversityofToronto_Phase1_60to69yo_sn,Spike,52.3113894696,-104.63838892314214," British Columbia, Ontario","Network Biology Collaborative
Centre at Sinai Health",state
2,210208_Canada_CBS_BloodDonors_Sex_Female_UnAdj,Nucleocapsid (N-protein),49.68487342388571,-77.36675444316734," Newfoundland and Labrador,  Prince Edward Island,  Nova Scotia,  New Brunswick,  Ontario,  Manitoba,  Saskatchewan",Abbott,state
2,210208_Canada_CBS_BloodDonors_Sex_Female_UnAdj,Nucleocapsid (N-protein),54.9069435101,-119.8899861944735," Alberta, British Columbia",Abbott,state
2,201218_Canada_CBS_BloodDonors_Age_25-39_UnAdj,Nucleocapsid (N-protein),48.11468012776667,-62.11064466825044," Newfoundland and Labrador,  Prince Edward Island,  Nova Scotia",Abbott,state
2,201218_Canada_CBS_BloodDonors_Age_25-39_UnAdj,Nucleocapsid (N-protein),52.210660100683334,-99.16921991439452," New Brunswick,  Ontario,  Manitoba,  Saskatchewan,  Alberta, British Columbia",Abbott,state
2,201218_Canada_CBS_BloodDonors_Age_60+_PopAdjTestAdj,Nucleocapsid (N-protein),50.3045982132875,-82.04055711814793," Newfoundland and Labrador,  Prince Edward Island,  Nova Scotia,  New Brunswick,  Ontario,  Manitoba,  Saskatchewan,  Alberta",Abbott,state
2,201218_Canada_CBS_BloodDonors_Age_60+_PopAdjTestAdj,Nucleocapsid (N-protein),55.119210635587244,-125.10425517589775,British Columbia,Abbott,state
2,210208_Canada_CBS_BloodDonors_Ethnicity_Indigenous_UnAdj,Nucleocapsid (N-protein),48.485797509141086,-61.650928502411105," Newfoundland and Labrador,  Prince Edward Island,  Nova Scotia",Abbott,state
2,210208_Canada_CBS_BloodDonors_Ethnicity_Indigenous_UnAdj,Nucleocapsid (N-protein),52.226293017554084,-99.34318916831225," New Brunswick,  Ontario,  Manitoba,  Saskatchewan,  Alberta, British Columbia",Abbott,state
2,210125_Canada_UniversityofToronto_Phase2_Overall_PopAdj,Spike,47.91394963561842,-62.50384597069668," Prince Edward Island,  Nova Scotia,  Newfoundland and Labrador","Network Biology Collaborative
Centre at Sinai Health",state
2,210125_Canada_UniversityofToronto_Phase2_Overall_PopAdj,Spike,54.64218360736667,-100.03688420941958," New Brunswick,  Northwest Territories,  Prairies,  Quebec,  Yukon,  British Columbia, Ontario","Network Biology Collaborative
Centre at Sinai Health",state
2,210112_Canada_CBS_BloodDonors_Ethnicity_Others_UnAdj,Nucleocapsid (N-protein),47.743264742525,-63.17733302131818," Newfoundland and Labrador,  Prince Edward Island,  Nova Scotia,  New Brunswick",Abbott,state
2,210112_Canada_CBS_BloodDonors_Ethnicity_Others_UnAdj,Nucleocapsid (N-protein),49.32282544071346,-83.78083605969769, Ontario,Abbott,state
2,210112_Canada_CBS_BloodDonors_Ethnicity_Others_UnAdj,Nucleocapsid (N-protein),54.2958445898,-111.0959850263741," Manitoba,  Saskatchewan,  Alberta, British Columbia",Abbott,state
2,210208_Canada_CBS_BloodDonors_Sex_Male_PopAdjTestAdj,Nucleocapsid (N-protein),49.962306059658935,-82.00901299128988," Newfoundland and Labrador,  Prince Edward Island,  Nova Scotia,  New Brunswick,  Ontario,  Manitoba,  Saskatchewan,  Alberta",Abbott,state
2,210208_Canada_CBS_BloodDonors_Sex_Male_PopAdjTestAdj,Nucleocapsid (N-protein),55.195286018128485,-124.88926311279563,British Columbia,Abbott,state
2,201218_Canada_CBS_BloodDonors_Age_17-24_PopAdjTestAdj,Nucleocapsid (N-protein),52.5950860485288,-59.80794792028003, Newfoundland and Labrador,Abbott,state
2,210112_Canada_CBS_BloodDonors_Ethnicity_Indigenous_PopAdjTestAdj,Nucleocapsid (N-protein),48.08492452564,-67.3926626771244," Newfoundland and Labrador,  Prince Edward Island,  Nova Scotia,  New Brunswick,  Ontario",Abbott,state
2,201218_Canada_CBS_BloodDonors_Age_17-24_PopAdjTestAdj,Nucleocapsid (N-protein),50.607768475437496,-90.16348255945016," Prince Edward Island,  Nova Scotia,  New Brunswick,  Ontario,  Manitoba,  Saskatchewan,  Alberta, British Columbia",Abbott,state
2,210112_Canada_CBS_BloodDonors_Ethnicity_Indigenous_PopAdjTestAdj,Nucleocapsid (N-protein),54.72272337123339,-111.07521761385148," Manitoba,  Saskatchewan,  Alberta, British Columbia",Abbott,state
2,210112_Canada_CBS_BloodDonors_Age_25-39_UnAdj,Nucleocapsid (N-protein),50.26253470178059,-82.41453296368587," Newfoundland and Labrador,  Prince Edward Island,  Nova Scotia,  New Brunswick,  Ontario,  Manitoba,  Saskatchewan,  Alberta",Abbott,state
2,210112_Canada_CBS_BloodDonors_Age_25-39_UnAdj,Nucleocapsid (N-protein),54.95212667011127,-124.88187018586831,British Columbia,Abbott,state
2,200819_Canada_CBS_BloodDonors_40-59,Nucleocapsid (N-protein),48.03433319002619,-62.35969566114766," Newfoundland and Labrador,  Prince Edward Island,  Nova Scotia",Abbott,state
2,200819_Canada_CBS_BloodDonors_40-59,Nucleocapsid (N-protein),52.477678075496165,-99.51686086239377," New Brunswick,  Manitoba,  Saskatchewan,  Alberta,  British Columbia, Ontario",Abbott,state
2,201218_Canada_CBS_BloodDonors_Ethnicity_White_PopAdjTestAdj,Nucleocapsid (N-protein),47.26973996483795,-63.12485913331261," Newfoundland and Labrador,  Prince Edward Island,  Nova Scotia,  New Brunswick",Abbott,state
2,201218_Canada_CBS_BloodDonors_Ethnicity_White_PopAdjTestAdj,Nucleocapsid (N-protein),53.32698840346,-105.72758428116914," Ontario,  Manitoba,  Saskatchewan,  Alberta, British Columbia",Abbott,state
2,200730_Ontario_PublicHealthOntario_June_DetailedAge>=80_UnAdj,NR,49.246901871263994,-84.46740455868124,Ontario, Ortho-Clinical Diagnostics,state
2,200730_Ontario_PublicHealthOntario_June_DetailedAge>=80_UnAdj,NR,49.47548478889298,-84.09023401993552,Ontario,Abbott,state
2,210125_Canada_UniversityofToronto_Phase1_Females_sn,Spike,53.069908900695395,-89.3690644061919," Prince Edward Island,  Nova Scotia,  Newfoundland and Labrador,  New Brunswick,  Northwest Territories,  Manitoba,  Saskatchewan,  Alberta,  Quebec,  Yukon","Network Biology Collaborative
Centre at Sinai Health",state
2,210125_Canada_UniversityofToronto_Phase1_Females_sn,Spike,52.213557894176354,-104.5722765315896," British Columbia, Ontario","Network Biology Collaborative
Centre at Sinai Health",state
2,210208_Canada_CBS_BloodDonors_Age_40-59_PopAdjTestAdj,Nucleocapsid (N-protein),47.522313441791745,-62.799831829434936," Newfoundland and Labrador,  Prince Edward Island,  Nova Scotia,  New Brunswick",Abbott,state
2,210208_Canada_CBS_BloodDonors_Age_40-59_PopAdjTestAdj,Nucleocapsid (N-protein),53.535966228175056,-105.80274388691741," Ontario,  Manitoba,  Saskatchewan,  Alberta, British Columbia",Abbott,state
2,200819_Canada_CBS_BloodDonors_17-24,Nucleocapsid (N-protein),52.84649096212362,-59.72470505756468, Newfoundland and Labrador,Abbott,state
2,200819_Canada_CBS_BloodDonors_17-24,Nucleocapsid (N-protein),50.978146447959624,-90.39781916627726," Prince Edward Island,  Nova Scotia,  New Brunswick,  Manitoba,  Saskatchewan,  Alberta,  British Columbia, Ontario",Abbott,state
2,201017_Vancouver_UniversityofBritishColumbia_LTCF_overall,Nucleocapsid (N-protein),48.877406582457006,-122.6579944079174,British Columbia," Siemens ,  Abbott",city
2,201017_Vancouver_UniversityofBritishColumbia_LTCF_overall,"Nucleocapsid (N-protein), Spike",49.10524438348871,-122.66346922986054,British Columbia," Ortho Vitros , DiaSorin,  Siemens ,  Abbott",city
2,210112_Canada_CBS_BloodDonors_Overall_PopAdjTestAdj,Nucleocapsid (N-protein),49.57327083565,-61.644473207378354," Newfoundland and Labrador,  Prince Edward Island",Abbott,state
2,210112_Canada_CBS_BloodDonors_Overall_PopAdjTestAdj,Nucleocapsid (N-protein),51.2087799023,-94.00832958233738," Nova Scotia,  New Brunswick,  Ontario,  Manitoba,  Saskatchewan,  Alberta, British Columbia",Abbott,state
2,200715_GreaterVancouverArea_BC-Centre-for-Disease-Control_MaySnapshot_OverallPopAdj,"Nucleocapsid (N-protein), Spike",54.8822897413958,-125.4408664545975,British Columbia," Siemens Healthineers,  Ortho-Clinical Diagnostics, Abbott",state
2,200715_GreaterVancouverArea_BC-Centre-for-Disease-Control_MaySnapshot_OverallPopAdj,Spike,55.514731944772024,-125.18115477326674,British Columbia,Abbott,state
2,201218_Canada_CBS_BloodDonors_Age_40-59_PopAdjTestAdj,Nucleocapsid (N-protein),47.70129369118438,-63.57509340853758," Newfoundland and Labrador,  Prince Edward Island,  Nova Scotia,  New Brunswick",Abbott,state
2,201218_Canada_CBS_BloodDonors_Age_40-59_PopAdjTestAdj,Nucleocapsid (N-protein),53.704819245468514,-105.4390566714211," Ontario,  Manitoba,  Saskatchewan,  Alberta, British Columbia",Abbott,state
2,210112_Canada_CBS_BloodDonors_Overall_PopAdj,Nucleocapsid (N-protein),48.140068867302276,-66.98572729132269," Newfoundland and Labrador,  Prince Edward Island,  Nova Scotia,  New Brunswick,  Ontario",Abbott,state
2,210112_Canada_CBS_BloodDonors_Overall_PopAdj,Nucleocapsid (N-protein),54.16159258375328,-111.0140214439596," Manitoba,  Saskatchewan,  Alberta, British Columbia",Abbott,state
2,210112_Canada_CBS_BloodDonors_Sex_Female_PopAdjTestAdj,Nucleocapsid (N-protein),49.219816062779735,-77.03614180206766," Newfoundland and Labrador,  Prince Edward Island,  Nova Scotia,  New Brunswick,  Ontario,  Manitoba,  Saskatchewan",Abbott,state
2,210112_Canada_CBS_BloodDonors_Sex_Female_PopAdjTestAdj,Nucleocapsid (N-protein),55.21295447164586,-120.38279689405701," Alberta, British Columbia",Abbott,state
2,210125_Canada_UniversityofToronto_Phase1_PopAdj_sn,Spike,51.88325690408889,-84.7264651989221," Prince Edward Island,  Nova Scotia,  Newfoundland and Labrador,  New Brunswick,  Northwest Territories,  Manitoba,  Saskatchewan,  Alberta,  Quebec","Network Biology Collaborative
Centre at Sinai Health",state
2,210125_Canada_UniversityofToronto_Phase1_PopAdj_sn,Spike,55.7533309896,-114.4587320101771," Yukon,  British Columbia, Ontario","Network Biology Collaborative
Centre at Sinai Health",state
2,201218_Canada_CBS_BloodDonors_Age_17-24_UnAdj,Nucleocapsid (N-protein),47.604872199326735,-67.73651982696252," Newfoundland and Labrador,  Prince Edward Island,  Nova Scotia,  New Brunswick,  Ontario",Abbott,state
2,201218_Canada_CBS_BloodDonors_Age_17-24_UnAdj,Nucleocapsid (N-protein),54.107517226730984,-111.3850779443195," Manitoba,  Saskatchewan,  Alberta, British Columbia",Abbott,state
2,201218_Canada_CBS_BloodDonors_Sex_Female_PopAdjTestAdj,Nucleocapsid (N-protein),54.62710613401543,-119.97097516421343," Alberta, British Columbia",Abbott,state
2,201218_Canada_CBS_BloodDonors_Sex_Female_PopAdjTestAdj,Nucleocapsid (N-protein),50.10382545400906,-77.64077307381878," Newfoundland and Labrador,  Prince Edward Island,  Nova Scotia,  New Brunswick,  Ontario,  Manitoba,  Saskatchewan",Abbott,state
3,210125_Canada_UniversityofToronto_Phase1_60to69yo_sp,Spike,51.35498340951666,-78.28665471730518," Prince Edward Island,  Nova Scotia,  Newfoundland and Labrador,  New Brunswick,  Northwest Territories,  Manitoba","Network Biology Collaborative
Centre at Sinai Health",state
3,210125_Canada_UniversityofToronto_Phase1_60to69yo_sp,Spike,54.34656744141667,-106.03240908616652," Saskatchewan,  Alberta,  Quebec,  Yukon,  British Columbia, Ontario","Network Biology Collaborative
Centre at Sinai Health",state
3,210208_Canada_CBS_BloodDonors_Ethnicity_Others_UnAdj,Nucleocapsid (N-protein),48.08492452564,-67.3926626771244," Newfoundland and Labrador,  Prince Edward Island,  Nova Scotia,  New Brunswick,  Ontario",Abbott,state
3,210208_Canada_CBS_BloodDonors_Ethnicity_Others_UnAdj,Nucleocapsid (N-protein),54.2958445898,-111.0959850263741," Manitoba,  Saskatchewan,  Alberta, British Columbia",Abbott,state
3,210208_Canada_CBS_BloodDonors_Age_60+_PopAdjTestAdj,Nucleocapsid (N-protein),49.68487342388571,-77.36675444316734," Newfoundland and Labrador,  Prince Edward Island,  Nova Scotia,  New Brunswick,  Ontario,  Manitoba,  Saskatchewan",Abbott,state
3,210208_Canada_CBS_BloodDonors_Age_60+_PopAdjTestAdj,Nucleocapsid (N-protein),54.9069435101,-119.8899861944735," Alberta, British Columbia",Abbott,state
3,210112_Canada_CBS_BloodDonors_Ethnicity_Others_UnAdj,Nucleocapsid (N-protein),47.732843476884376,-67.35499039694739," Newfoundland and Labrador,  Prince Edward Island,  Nova Scotia,  New Brunswick,  Ontario",Abbott,state
3,210112_Canada_CBS_BloodDonors_Ethnicity_Others_UnAdj,Nucleocapsid (N-protein),54.19990644355164,-110.95874409398708," Manitoba,  Saskatchewan,  Alberta, British Columbia",Abbott,state
3,201017_Vancouver_UniversityofBritishColumbia_LTCF_residents,"Nucleocapsid (N-protein), Spike",48.935303750141145,-123.50839551344636,British Columbia," Siemens ,  Abbott,  Ortho Vitros , DiaSorin",city
3,201017_Vancouver_UniversityofBritishColumbia_LTCF_residents,Spike,49.33530336941658,-123.09540034504857,British Columbia," Ortho Vitros , DiaSorin",city
3,210208_Canada_CBS_BloodDonors_Ethnicity_White_PopAdjTestAdj,Nucleocapsid (N-protein),52.59931986645379,-60.11552863054646, Newfoundland and Labrador,Abbott,state
3,210208_Canada_CBS_BloodDonors_Ethnicity_White_PopAdjTestAdj,Nucleocapsid (N-protein),50.607768475437496,-90.16348255945016," Prince Edward Island,  Nova Scotia,  New Brunswick,  Ontario,  Manitoba,  Saskatchewan,  Alberta, British Columbia",Abbott,state
3,210208_Canada_CBS_BloodDonors_Ethnicity_Asian_PopAdjTestAdj,Nucleocapsid (N-protein),49.33367221027634,-77.21835809430111," Newfoundland and Labrador,  Prince Edward Island,  Nova Scotia,  New Brunswick,  Ontario,  Manitoba,  Saskatchewan",Abbott,state
3,210208_Canada_CBS_BloodDonors_Ethnicity_Asian_PopAdjTestAdj,Nucleocapsid (N-protein),55.205515219885974,-119.75628218966261," Alberta, British Columbia",Abbott,state
3,210208_Canada_CBS_BloodDonors_Ethnicity_Indigenous_PopAdjTestAdj,Nucleocapsid (N-protein),52.30599517354253,-59.93103108672547, Newfoundland and Labrador,Abbott,state
3,210208_Canada_CBS_BloodDonors_Ethnicity_Indigenous_PopAdjTestAdj,Nucleocapsid (N-protein),50.20955075302855,-89.88636308171208," Prince Edward Island,  Nova Scotia,  New Brunswick,  Ontario,  Manitoba,  Saskatchewan,  Alberta, British Columbia",Abbott,state
3,210125_Canada_UniversityofToronto_Phase1_PopAdj_sn,Spike,46.4006884874,-63.2495533992396, Prince Edward Island,"Network Biology Collaborative
Centre at Sinai Health",state
3,210125_Canada_UniversityofToronto_Phase1_PopAdj_sn,Spike,48.1907901609,-63.15325956201104," Nova Scotia,  Newfoundland and Labrador,  New Brunswick","Network Biology Collaborative
Centre at Sinai Health",state
3,210125_Canada_UniversityofToronto_Phase1_PopAdj_sn,Spike,55.4045307669375,-106.65063134194469," Northwest Territories,  Manitoba,  Saskatchewan,  Alberta,  Quebec,  Yukon,  British Columbia, Ontario","Network Biology Collaborative
Centre at Sinai Health",state
3,210208_Canada_CBS_BloodDonors_Ethnicity_Others_PopAdjTestAdj,Nucleocapsid (N-protein),50.3045982132875,-82.04055711814793," Newfoundland and Labrador,  Prince Edward Island,  Nova Scotia,  New Brunswick,  Ontario,  Manitoba,  Saskatchewan,  Alberta",Abbott,state
3,210208_Canada_CBS_BloodDonors_Ethnicity_Others_PopAdjTestAdj,Nucleocapsid (N-protein),55.60195276823295,-124.65029806331889,British Columbia,Abbott,state
3,210125_Canada_UniversityofToronto_Phase1_40to59yo_sp,Spike,46.46489396201463,-63.56622275812836, Prince Edward Island,"Network Biology Collaborative
Centre at Sinai Health",state
3,210125_Canada_UniversityofToronto_Phase1_40to59yo_sp,Spike,53.43714696529091,-94.78771176559914," Nova Scotia,  Newfoundland and Labrador,  New Brunswick,  Northwest Territories,  Manitoba,  Saskatchewan,  Alberta,  Quebec,  Yukon,  British Columbia, Ontario","Network Biology Collaborative
Centre at Sinai Health",state
3,210112_Canada_CBS_BloodDonors_Ethnicity_White_PopAdjTestAdj,Nucleocapsid (N-protein),47.743264742525,-63.17733302131818," Newfoundland and Labrador,  Prince Edward Island,  Nova Scotia,  New Brunswick",Abbott,state
3,210112_Canada_CBS_BloodDonors_Ethnicity_White_PopAdjTestAdj,Nucleocapsid (N-protein),53.32698840346,-105.72758428116914," Ontario,  Manitoba,  Saskatchewan,  Alberta, British Columbia",Abbott,state
3,210208_Canada_CBS_BloodDonors_Age_40-59_UnAdj,Nucleocapsid (N-protein),50.26387440423352,-81.9052642396799," Newfoundland and Labrador,  Prince Edward Island,  Nova Scotia,  New Brunswick,  Ontario,  Manitoba,  Saskatchewan,  Alberta",Abbott,state
3,210208_Canada_CBS_BloodDonors_Age_40-59_UnAdj,Nucleocapsid (N-protein),54.963204985017704,-125.5075674191812,British Columbia,Abbott,state
3,201218_Canada_CBS_BloodDonors_Ethnicity_White_UnAdj,Nucleocapsid (N-protein),49.935779738380816,-81.98983193097821," Newfoundland and Labrador,  Prince Edward Island,  Nova Scotia,  New Brunswick,  Ontario,  Manitoba,  Saskatchewan,  Alberta",Abbott,state
3,201218_Canada_CBS_BloodDonors_Ethnicity_White_UnAdj,Nucleocapsid (N-protein),54.93682525477112,-124.89914827707246,British Columbia,Abbott,state
3,200715_GreaterVancouverArea_BC-Centre-for-Disease-Control_MaySnapshot_OverallPopAdj,"Nucleocapsid (N-protein), Spike",55.134004966358695,-124.9890215809018,British Columbia,"Abbott,  Siemens Healthineers,  Ortho-Clinical Diagnostics",state
3,200715_GreaterVancouverArea_BC-Centre-for-Disease-Control_MaySnapshot_OverallPopAdj,Nucleocapsid (N-protein),54.90101316631456,-125.36478524624026,British Columbia," Siemens Healthineers,  Ortho-Clinical Diagnostics",state
3,210112_Canada_CBS_BloodDonors_Age_40-59_PopAdjTestAdj,Nucleocapsid (N-protein),55.05279579896569,-124.61679361406495,British Columbia,Abbott,state
3,210112_Canada_CBS_BloodDonors_Age_40-59_PopAdjTestAdj,Nucleocapsid (N-protein),50.80334038156384,-81.632301424136," Newfoundland and Labrador,  Prince Edward Island,  Nova Scotia,  New Brunswick,  Ontario,  Manitoba,  Saskatchewan,  Alberta",Abbott,state
4,210208_Canada_CBS_BloodDonors_Overall_PopAdj,Nucleocapsid (N-protein),55.64507607575832,-105.63054304944255, ,Abbott,country
4,210208_Canada_CBS_BloodDonors_Overall_PopAdj,Nucleocapsid (N-protein),54.42479113993333,-112.75010604296614," Manitoba,  Alberta, British Columbia",Abbott,state
4,210112_Canada_CBS_BloodDonors_Sex_Male_PopAdjTestAdj,Nucleocapsid (N-protein),53.15391909190917,-60.50891273228021, Newfoundland and Labrador,Abbott,state
4,210112_Canada_CBS_BloodDonors_Sex_Male_PopAdjTestAdj,Nucleocapsid (N-protein),50.607768475437496,-90.16348255945016," Prince Edward Island,  Nova Scotia,  New Brunswick,  Ontario,  Manitoba,  Saskatchewan,  Alberta, British Columbia",Abbott,state
4,201218_Canada_CBS_BloodDonors_Overall_PopTestAdj,Nucleocapsid (N-protein),48.11468012776667,-62.11064466825044," Newfoundland and Labrador,  Prince Edward Island,  Nova Scotia",Abbott,state
4,201218_Canada_CBS_BloodDonors_Overall_PopTestAdj,Nucleocapsid (N-protein),52.210660100683334,-99.16921991439452," New Brunswick,  Ontario,  Manitoba,  Saskatchewan,  Alberta, British Columbia",Abbott,state
4,210125_Canada_UniversityofToronto_Phase1_60to69yo_sp,Spike,46.4006884874,-63.2495533992396, Prince Edward Island,"Network Biology Collaborative
Centre at Sinai Health",state
4,210125_Canada_UniversityofToronto_Phase1_60to69yo_sp,Spike,53.43714696529091,-94.78771176559914," Nova Scotia,  Newfoundland and Labrador,  New Brunswick,  Northwest Territories,  Manitoba,  Saskatchewan,  Alberta,  Quebec,  Yukon,  British Columbia, Ontario","Network Biology Collaborative
Centre at Sinai Health",state
4,210208_Canada_CBS_BloodDonors_Sex_Female_UnAdj,Nucleocapsid (N-protein),47.743264742525,-63.17733302131818," Newfoundland and Labrador,  Prince Edward Island,  Nova Scotia,  New Brunswick",Abbott,state
4,210208_Canada_CBS_BloodDonors_Sex_Female_UnAdj,Nucleocapsid (N-protein),53.32698840346,-105.72758428116914," Ontario,  Manitoba,  Saskatchewan,  Alberta, British Columbia",Abbott,state
4,201218_Canada_CBS_BloodDonors_Ethnicity_White_PopAdjTestAdj,Nucleocapsid (N-protein),49.57327083565,-61.644473207378354," Newfoundland and Labrador,  Prince Edward Island",Abbott,state
4,201218_Canada_CBS_BloodDonors_Ethnicity_White_PopAdjTestAdj,Nucleocapsid (N-protein),51.2087799023,-94.00832958233738," Nova Scotia,  New Brunswick,  Ontario,  Manitoba,  Saskatchewan,  Alberta, British Columbia",Abbott,state
4,200730_Ontario_PublicHealthOntario_June_Region_Toronto_PopTestAdj,NR,43.33250712412429,-79.34418799873232,Ontario, Ortho-Clinical Diagnostics,city
4,200730_Ontario_PublicHealthOntario_June_Region_Toronto_PopTestAdj,NR,44.06382195574226,-79.28132501735189,Ontario,Abbott,city
4,210208_Canada_CBS_BloodDonors_Age_40-59_PopAdjTestAdj,Nucleocapsid (N-protein),49.68487342388571,-77.36675444316734," Newfoundland and Labrador,  Prince Edward Island,  Nova Scotia,  New Brunswick,  Ontario,  Manitoba,  Saskatchewan",Abbott,state
4,210208_Canada_CBS_BloodDonors_Age_40-59_PopAdjTestAdj,Nucleocapsid (N-protein),54.9069435101,-119.8899861944735," Alberta, British Columbia",Abbott,state
4,200730_Ontario_PublicHealthOntario_June_DetailedAge>=80_PopTestAdj,NR,49.729334042618554,-84.17646480383267,Ontario, Ortho-Clinical Diagnostics,state
4,200730_Ontario_PublicHealthOntario_June_DetailedAge>=80_PopTestAdj,NR,49.67006591171296,-84.64680233600582,Ontario,Abbott,state
4,200819_Canada_CBS_BloodDonors_25-39_Adjusted,Nucleocapsid (N-protein),53.09409339832518,-60.07503070569267, Newfoundland and Labrador,Abbott,state
4,200819_Canada_CBS_BloodDonors_25-39_Adjusted,Nucleocapsid (N-protein),50.14102691260867,-90.6577511076535," Prince Edward Island,  Nova Scotia,  New Brunswick,  Manitoba,  Saskatchewan,  Alberta,  British Columbia, Ontario",Abbott,state
4,210125_Canada_UniversityofToronto_Phase1_Males_sn,Spike,50.9338828115,-74.24991651277594," Prince Edward Island,  Nova Scotia,  Newfoundland and Labrador,  New Brunswick,  Northwest Territories","Network Biology Collaborative
Centre at Sinai Health",state
4,210125_Canada_UniversityofToronto_Phase1_Males_sn,Spike,54.21998443544286,-104.9521143224215," Manitoba,  Saskatchewan,  Alberta,  Quebec,  Yukon,  British Columbia, Ontario","Network Biology Collaborative
Centre at Sinai Health",state
4,210112_Canada_CBS_BloodDonors_Age_17-24_PopAdjTestAdj,Nucleocapsid (N-protein),48.980851504633335,-72.5722765209289," Newfoundland and Labrador,  Prince Edward Island,  Nova Scotia,  New Brunswick,  Ontario,  Manitoba",Abbott,state
4,210112_Canada_CBS_BloodDonors_Age_17-24_PopAdjTestAdj,Nucleocapsid (N-protein),54.574297319866666,-115.30453145518166," Saskatchewan,  Alberta, British Columbia",Abbott,state
4,210112_Canada_CBS_BloodDonors_Ethnicity_Indigenous_UnAdj,Nucleocapsid (N-protein),48.436711896531364,-62.23109694457242," Newfoundland and Labrador,  Prince Edward Island,  Nova Scotia",Abbott,state
4,210112_Canada_CBS_BloodDonors_Ethnicity_Indigenous_UnAdj,Nucleocapsid (N-protein),51.95796375259695,-99.22881669621903," New Brunswick,  Ontario,  Manitoba,  Saskatchewan,  Alberta, British Columbia",Abbott,state
4,201218_Canada_CBS_BloodDonors_Sex_Male_PopAdjTestAdj,Nucleocapsid (N-protein),50.3045982132875,-82.04055711814793," Newfoundland and Labrador,  Prince Edward Island,  Nova Scotia,  New Brunswick,  Ontario,  Manitoba,  Saskatchewan,  Alberta",Abbott,state
4,201218_Canada_CBS_BloodDonors_Sex_Male_PopAdjTestAdj,Nucleocapsid (N-protein),55.118191342224655,-124.98871400864502,British Columbia,Abbott,state
4,210112_Canada_CBS_BloodDonors_Ethnicity_White_PopAdjTestAdj,Nucleocapsid (N-protein),48.08492452564,-67.3926626771244," Newfoundland and Labrador,  Prince Edward Island,  Nova Scotia,  New Brunswick,  Ontario",Abbott,state
4,210112_Canada_CBS_BloodDonors_Ethnicity_White_PopAdjTestAdj,Nucleocapsid (N-protein),54.2958445898,-111.0959850263741," Manitoba,  Saskatchewan,  Alberta, British Columbia",Abbott,state
4,210208_Canada_CBS_BloodDonors_Ethnicity_Asian_UnAdj,Nucleocapsid (N-protein),47.71966275869258,-61.99194979221081," Newfoundland and Labrador,  Prince Edward Island,  Nova Scotia",Abbott,state
4,210208_Canada_CBS_BloodDonors_Ethnicity_Asian_UnAdj,Nucleocapsid (N-protein),51.75913528314849,-99.07041302424666," New Brunswick,  Ontario,  Manitoba,  Saskatchewan,  Alberta, British Columbia",Abbott,state
5,201218_Canada_CBS_BloodDonors_Overall_UnAdj,Nucleocapsid (N-protein),52.7458531839,-60.0393930155171, Newfoundland and Labrador,Abbott,state
5,201218_Canada_CBS_BloodDonors_Overall_UnAdj,Nucleocapsid (N-protein),50.607768475437496,-90.16348255945016," Prince Edward Island,  Nova Scotia,  New Brunswick,  Ontario,  Manitoba,  Saskatchewan,  Alberta, British Columbia",Abbott,state
5,210112_Canada_CBS_BloodDonors_Ethnicity_Indigenous_PopAdjTestAdj,Nucleocapsid (N-protein),50.3045982132875,-82.04055711814793," Newfoundland and Labrador,  Prince Edward Island,  Nova Scotia,  New Brunswick,  Ontario,  Manitoba,  Saskatchewan,  Alberta",Abbott,state
5,210112_Canada_CBS_BloodDonors_Ethnicity_Indigenous_PopAdjTestAdj,Nucleocapsid (N-protein),55.02233740182465,-125.25487750042687,British Columbia,Abbott,state
5,200730_Ontario_PublicHealthOntario_June_Region_SouthWest_PopTestAdj,NR,49.4515636581,-84.2539813003493,Ontario, Ortho-Clinical Diagnostics,state
5,200730_Ontario_PublicHealthOntario_June_Region_SouthWest_PopTestAdj,NR,49.409859039943804,-84.20909137653729,Ontario,Abbott,state
5,210125_Canada_UniversityofToronto_Phase1_Ethnicity_Indigenous,Spike,51.88325690408889,-84.7264651989221," Prince Edward Island,  Nova Scotia,  Newfoundland and Labrador,  New Brunswick,  Northwest Territories,  Manitoba,  Saskatchewan,  Alberta,  Quebec","Network Biology Collaborative
Centre at Sinai Health",state
5,210112_Canada_CBS_BloodDonors_Ethnicity_Asian_UnAdj,Nucleocapsid (N-protein),48.37945091421712,-61.774284626270635," Newfoundland and Labrador,  Prince Edward Island,  Nova Scotia",Abbott,state
5,210125_Canada_UniversityofToronto_Phase1_Ethnicity_Indigenous,Spike,55.7533309896,-114.4587320101771," Yukon,  British Columbia, Ontario","Network Biology Collaborative
Centre at Sinai Health",state
5,210112_Canada_CBS_BloodDonors_Ethnicity_Asian_UnAdj,Nucleocapsid (N-protein),52.210660100683334,-99.16921991439452," New Brunswick,  Ontario,  Manitoba,  Saskatchewan,  Alberta, British Columbia",Abbott,state
5,210208_Canada_CBS_BloodDonors_Age_25-39_UnAdj,Nucleocapsid (N-protein),49.88161835606371,-81.5832149135517," Newfoundland and Labrador,  Prince Edward Island,  Nova Scotia,  New Brunswick,  Ontario,  Manitoba,  Saskatchewan,  Alberta",Abbott,state
5,210208_Canada_CBS_BloodDonors_Age_25-39_UnAdj,Nucleocapsid (N-protein),55.47133594426801,-125.32917650023379,British Columbia,Abbott,state
5,201218_Canada_CBS_BloodDonors_Age_17-24_PopAdjTestAdj,Nucleocapsid (N-protein),48.08492452564,-67.3926626771244," Newfoundland and Labrador,  Prince Edward Island,  Nova Scotia,  New Brunswick,  Ontario",Abbott,state
5,201218_Canada_CBS_BloodDonors_Age_17-24_PopAdjTestAdj,Nucleocapsid (N-protein),54.2958445898,-111.0959850263741," Manitoba,  Saskatchewan,  Alberta, British Columbia",Abbott,state
5,210208_Canada_CBS_BloodDonors_Ethnicity_Asian_PopAdjTestAdj,Nucleocapsid (N-protein),47.743264742525,-63.17733302131818," Newfoundland and Labrador,  Prince Edward Island,  Nova Scotia,  New Brunswick",Abbott,state
5,210208_Canada_CBS_BloodDonors_Ethnicity_Asian_PopAdjTestAdj,Nucleocapsid (N-protein),53.32698840346,-105.72758428116914," Ontario,  Manitoba,  Saskatchewan,  Alberta, British Columbia",Abbott,state
5,201218_Canada_CBS_BloodDonors_Age_25-39_UnAdj,Nucleocapsid (N-protein),52.342077366415964,-59.94507220173555, Newfoundland and Labrador,Abbott,state
5,201218_Canada_CBS_BloodDonors_Age_25-39_UnAdj,Nucleocapsid (N-protein),51.07395748316249,-90.1052371385888," Prince Edward Island,  Nova Scotia,  New Brunswick,  Ontario,  Manitoba,  Saskatchewan,  Alberta, British Columbia",Abbott,state
5,201218_Canada_CBS_BloodDonors_Overall_PopAdj,Nucleocapsid (N-protein),50.59652300831494,-81.96768057899928," Newfoundland and Labrador,  Prince Edward Island,  Nova Scotia,  New Brunswick,  Ontario,  Manitoba,  Saskatchewan,  Alberta",Abbott,state
5,201218_Canada_CBS_BloodDonors_Overall_PopAdj,Nucleocapsid (N-protein),55.53980418268129,-124.88691550980705,British Columbia,Abbott,state
5,201218_Canada_CBS_BloodDonors_Ethnicity_White_UnAdj,Nucleocapsid (N-protein),50.4374800792799,-82.03815461323134," Newfoundland and Labrador,  Prince Edward Island,  Nova Scotia,  New Brunswick,  Ontario,  Manitoba,  Saskatchewan,  Alberta",Abbott,state
5,201218_Canada_CBS_BloodDonors_Ethnicity_White_UnAdj,Nucleocapsid (N-protein),55.543919181242806,-124.67293191621823,British Columbia,Abbott,state
5,201218_Canada_CBS_BloodDonors_Sex_Female_PopAdjTestAdj,Nucleocapsid (N-protein),49.57327083565,-61.644473207378354," Newfoundland and Labrador,  Prince Edward Island",Abbott,state
5,201218_Canada_CBS_BloodDonors_Sex_Female_PopAdjTestAdj,Nucleocapsid (N-protein),51.2087799023,-94.00832958233738," Nova Scotia,  New Brunswick,  Ontario,  Manitoba,  Saskatchewan,  Alberta, British Columbia",Abbott,state
5,201218_Canada_CBS_BloodDonors_Sex_Female_UnAdj,Nucleocapsid (N-protein),52.71179406373054,-60.146308943855175, Newfoundland and Labrador,Abbott,state
5,210112_Canada_CBS_BloodDonors_BritishColumbia_UnAdj,Nucleocapsid (N-protein),49.777497324290536,-61.6914022305437," Newfoundland and Labrador,  Prince Edward Island",Abbott,state
5,201218_Canada_CBS_BloodDonors_Sex_Female_UnAdj,Nucleocapsid (N-protein),50.64287752918389,-90.17532613356066," Prince Edward Island,  Nova Scotia,  New Brunswick,  Ontario,  Manitoba,  Saskatchewan,  Alberta, British Columbia",Abbott,state
5,210112_Canada_CBS_BloodDonors_BritishColumbia_UnAdj,Nucleocapsid (N-protein),50.97098280192662,-94.11643277812769," Nova Scotia,  New Brunswick,  Ontario,  Manitoba,  Saskatchewan,  Alberta, British Columbia",Abbott,state
5,200819_Canada_CBS_BloodDonors_Female_Adjusted,Nucleocapsid (N-protein),49.62724740605775,-61.28516903447058," Newfoundland and Labrador,  Prince Edward Island",Abbott,state
5,200819_Canada_CBS_BloodDonors_Female_Adjusted,Nucleocapsid (N-protein),51.21881161312948,-93.7275636865347," Nova Scotia,  New Brunswick,  Manitoba,  Saskatchewan,  Alberta,  British Columbia, Ontario",Abbott,state
5,200819_Canada_CBS_BloodDonors_60+_Adjusted,Nucleocapsid (N-protein),52.517202856830956,-60.43774470680032, Newfoundland and Labrador,Abbott,state
5,200819_Canada_CBS_BloodDonors_60+_Adjusted,Nucleocapsid (N-protein),50.323461785953704,-90.23740909797681," Prince Edward Island,  Nova Scotia,  New Brunswick,  Manitoba,  Saskatchewan,  Alberta,  British Columbia, Ontario",Abbott,state
5,210208_Canada_CBS_BloodDonors_Ethnicity_Asian_UnAdj,Nucleocapsid (N-protein),49.68487342388571,-77.36675444316734," Newfoundland and Labrador,  Prince Edward Island,  Nova Scotia,  New Brunswick,  Ontario,  Manitoba,  Saskatchewan",Abbott,state
5,210208_Canada_CBS_BloodDonors_Ethnicity_Asian_UnAdj,Nucleocapsid (N-protein),54.9069435101,-119.8899861944735," Alberta, British Columbia",Abbott,state
6,200730_Ontario_PublicHealthOntario_June_Age20-59yr_UnAdj,NR,49.4515636581,-84.2539813003493,Ontario, Ortho-Clinical Diagnostics,state
6,200730_Ontario_PublicHealthOntario_June_Age20-59yr_UnAdj,NR,49.710841500905985,-84.29330807294015,Ontario,Abbott,state
6,201218_Canada_CBS_BloodDonors_Age_17-24_PopAdjTestAdj,Nucleocapsid (N-protein),49.68487342388571,-77.36675444316734," Newfoundland and Labrador,  Prince Edward Island,  Nova Scotia,  New Brunswick,  Ontario,  Manitoba,  Saskatchewan",Abbott,state
6,201218_Canada_CBS_BloodDonors_Age_17-24_PopAdjTestAdj,Nucleocapsid (N-protein),54.9069435101,-119.8899861944735," Alberta, British Columbia",Abbott,state
6,201218_Canada_CBS_BloodDonors_Ethnicity_Asian_PopAdjTestAdj,Nucleocapsid (N-protein),48.980851504633335,-72.5722765209289," Newfoundland and Labrador,  Prince Edward Island,  Nova Scotia,  New Brunswick,  Ontario,  Manitoba",Abbott,state
6,201218_Canada_CBS_BloodDonors_Ethnicity_Asian_PopAdjTestAdj,Nucleocapsid (N-protein),54.574297319866666,-115.30453145518166," Saskatchewan,  Alberta, British Columbia",Abbott,state
6,210125_Canada_UniversityofToronto_Phase1_Females_sn,Spike,46.4006884874,-63.2495533992396, Prince Edward Island,"Network Biology Collaborative
Centre at Sinai Health",state
6,210125_Canada_UniversityofToronto_Phase1_Females_sn,Spike,53.43714696529091,-94.78771176559914," Nova Scotia,  Newfoundland and Labrador,  New Brunswick,  Northwest Territories,  Manitoba,  Saskatchewan,  Alberta,  Quebec,  Yukon,  British Columbia, Ontario","Network Biology Collaborative
Centre at Sinai Health",state
6,201218_Canada_CBS_BloodDonors_Age_40-59_UnAdj,Nucleocapsid (N-protein),49.34520399946617,-77.64574083541774," Newfoundland and Labrador,  Prince Edward Island,  Nova Scotia,  New Brunswick,  Ontario,  Manitoba,  Saskatchewan",Abbott,state
6,201218_Canada_CBS_BloodDonors_Age_40-59_UnAdj,Nucleocapsid (N-protein),55.18658363429832,-119.42177727846357," Alberta, British Columbia",Abbott,state
6,210112_Canada_CBS_BloodDonors_Sex_Male_UnAdj,Nucleocapsid (N-protein),47.743264742525,-63.17733302131818," Newfoundland and Labrador,  Prince Edward Island,  Nova Scotia,  New Brunswick",Abbott,state
6,210112_Canada_CBS_BloodDonors_Sex_Male_UnAdj,Nucleocapsid (N-protein),53.32698840346,-105.72758428116914," Ontario,  Manitoba,  Saskatchewan,  Alberta, British Columbia",Abbott,state
6,210125_Canada_UniversityofToronto_Phase1_60to69yo_sn,Spike,46.20913939272451,-63.61207885790524, Prince Edward Island,"Network Biology Collaborative
Centre at Sinai Health",state
6,210125_Canada_UniversityofToronto_Phase1_60to69yo_sn,Spike,53.358902285921715,-94.63296854932132," Nova Scotia,  Newfoundland and Labrador,  New Brunswick,  Northwest Territories,  Manitoba,  Saskatchewan,  Alberta,  Quebec,  Yukon,  British Columbia, Ontario","Network Biology Collaborative
Centre at Sinai Health",state
6,210112_Canada_CBS_BloodDonors_Ethnicity_Asian_PopAdjTestAdj,Nucleocapsid (N-protein),52.90146435134116,-60.49635905074602, Newfoundland and Labrador,Abbott,state
6,210112_Canada_CBS_BloodDonors_Ethnicity_Asian_PopAdjTestAdj,Nucleocapsid (N-protein),50.607768475437496,-90.16348255945016," Prince Edward Island,  Nova Scotia,  New Brunswick,  Ontario,  Manitoba,  Saskatchewan,  Alberta, British Columbia",Abbott,state
6,210125_Canada_UniversityofToronto_Phase1_Ethnicity_English/European,Spike,48.11468012776667,-62.11064466825044," Prince Edward Island,  Nova Scotia,  Newfoundland and Labrador","Network Biology Collaborative
Centre at Sinai Health",state
6,210125_Canada_UniversityofToronto_Phase1_Ethnicity_English/European,Spike,54.42947385803333,-102.17582764623099," New Brunswick,  Northwest Territories,  Manitoba,  Saskatchewan,  Alberta,  Quebec,  Yukon,  British Columbia, Ontario","Network Biology Collaborative
Centre at Sinai Health",state
6,210125_Canada_UniversityofToronto_Phase1_Overall_Popdj_sp,Spike,52.95865261664,-89.66376049745459," Prince Edward Island,  Nova Scotia,  Newfoundland and Labrador,  New Brunswick,  Northwest Territories,  Manitoba,  Saskatchewan,  Alberta,  Quebec,  Yukon","Network Biology Collaborative
Centre at Sinai Health",state
6,210125_Canada_UniversityofToronto_Phase1_Overall_Popdj_sp,Spike,52.3113894696,-104.63838892314214," British Columbia, Ontario","Network Biology Collaborative
Centre at Sinai Health",state
6,210208_Canada_CBS_BloodDonors_Ethnicity_Asian_PopAdjTestAdj,Nucleocapsid (N-protein),50.3045982132875,-82.04055711814793," Newfoundland and Labrador,  Prince Edward Island,  Nova Scotia,  New Brunswick,  Ontario,  Manitoba,  Saskatchewan,  Alberta",Abbott,state
6,210208_Canada_CBS_BloodDonors_Ethnicity_Asian_PopAdjTestAdj,Nucleocapsid (N-protein),55.184817186226,-125.32895648880525,British Columbia,Abbott,state
6,201218_Canada_CBS_BloodDonors_Ethnicity_White_PopAdjTestAdj,Nucleocapsid (N-protein),48.21778086559368,-62.84230043119914," Newfoundland and Labrador,  Prince Edward Island,  Nova Scotia,  New Brunswick",Abbott,state
6,201218_Canada_CBS_BloodDonors_Ethnicity_White_PopAdjTestAdj,Nucleocapsid (N-protein),53.623824620749666,-106.10169007904872," Ontario,  Manitoba,  Saskatchewan,  Alberta, British Columbia",Abbott,state
6,210125_Canada_UniversityofToronto_Phase1_Ethnicity_Indigenous,Spike,51.35498340951666,-78.28665471730518," Prince Edward Island,  Nova Scotia,  Newfoundland and Labrador,  New Brunswick,  Northwest Territories,  Manitoba","Network Biology Collaborative
Centre at Sinai Health",state
6,210125_Canada_UniversityofToronto_Phase1_Ethnicity_Indigenous,Spike,54.34656744141667,-106.03240908616652," Saskatchewan,  Alberta,  Quebec,  Yukon,  British Columbia, Ontario","Network Biology Collaborative
Centre at Sinai Health",state
6,210112_Canada_CBS_BloodDonors_Sex_Female_PopAdjTestAdj,Nucleocapsid (N-protein),47.33052646341125,-62.91891314343808," Newfoundland and Labrador,  Prince Edward Island,  Nova Scotia,  New Brunswick",Abbott,state
6,210112_Canada_CBS_BloodDonors_Sex_Female_PopAdjTestAdj,Nucleocapsid (N-protein),53.22249409486955,-106.15486025752206," Ontario,  Manitoba,  Saskatchewan,  Alberta, British Columbia",Abbott,state
6,210208_Canada_CBS_BloodDonors_Age_25-39_PopAdjTestAdj,Nucleocapsid (N-protein),52.494637451538935,-60.335264027313464, Newfoundland and Labrador,Abbott,state
6,210208_Canada_CBS_BloodDonors_Age_25-39_PopAdjTestAdj,Nucleocapsid (N-protein),49.17471013055,-80.25464801444238," Prince Edward Island,  Nova Scotia,  New Brunswick,  Ontario,  Manitoba,  Saskatchewan",Abbott,state
6,210208_Canada_CBS_BloodDonors_Age_25-39_PopAdjTestAdj,Nucleocapsid (N-protein),54.78770833005341,-120.04698270512591," Alberta, British Columbia",Abbott,state
6,210112_Canada_CBS_BloodDonors_Age_25-39_PopAdjTestAdj,Nucleocapsid (N-protein),47.97880206858227,-63.25475974289013," Newfoundland and Labrador,  Prince Edward Island,  Nova Scotia,  New Brunswick",Abbott,state
6,210112_Canada_CBS_BloodDonors_Age_25-39_PopAdjTestAdj,Nucleocapsid (N-protein),53.01361386107023,-105.58189459471356," Ontario,  Manitoba,  Saskatchewan,  Alberta, British Columbia",Abbott,state
6,200819_Canada_CBS_BloodDonors_Male,Nucleocapsid (N-protein),52.64565958214353,-60.52430256765938, Newfoundland and Labrador,Abbott,state
6,200819_Canada_CBS_BloodDonors_Male,Nucleocapsid (N-protein),51.038798646596916,-90.65506090614227," Prince Edward Island,  Nova Scotia,  New Brunswick,  Manitoba,  Saskatchewan,  Alberta,  British Columbia, Ontario",Abbott,state
6,200819_Canada_CBS_BloodDonors_60+_Adjusted,Nucleocapsid (N-protein),51.0195546661625,-87.13665902384614," Newfoundland and Labrador,  Prince Edward Island,  Nova Scotia,  New Brunswick,  Manitoba,  Saskatchewan,  Alberta,  British Columbia",Abbott,state
6,210208_Canada_CBS_BloodDonors_Sex_Female_PopAdjTestAdj,Nucleocapsid (N-protein),49.10986076128824,-72.34381549876028," Newfoundland and Labrador,  Prince Edward Island,  Nova Scotia,  New Brunswick,  Ontario,  Manitoba",Abbott,state
6,200819_Canada_CBS_BloodDonors_60+_Adjusted,Nucleocapsid (N-protein),49.137978855457604,-83.87456009323526,Ontario,Abbott,state
6,210208_Canada_CBS_BloodDonors_Sex_Female_PopAdjTestAdj,Nucleocapsid (N-protein),54.31773438216059,-115.37315877867043," Saskatchewan,  Alberta, British Columbia",Abbott,state
6,210112_Canada_CBS_BloodDonors_Age_60+_UnAdj,Nucleocapsid (N-protein),48.22055310938087,-62.45242499659975," Newfoundland and Labrador,  Prince Edward Island,  Nova Scotia",Abbott,state
6,210112_Canada_CBS_BloodDonors_Age_60+_UnAdj,Nucleocapsid (N-protein),52.210660100683334,-99.16921991439452," New Brunswick,  Ontario,  Manitoba,  Saskatchewan,  Alberta, British Columbia",Abbott,state
6,201218_Canada_CBS_BloodDonors_Age_40-59_PopAdjTestAdj,Nucleocapsid (N-protein),52.78422380221299,-60.01619558225067, Newfoundland and Labrador,Abbott,state
6,201218_Canada_CBS_BloodDonors_Age_40-59_PopAdjTestAdj,Nucleocapsid (N-protein),50.805187624343226,-89.71695166127863," Prince Edward Island,  Nova Scotia,  New Brunswick,  Ontario,  Manitoba,  Saskatchewan,  Alberta, British Columbia",Abbott,state
6,200715_GreaterVancouverArea_BC-Centre-for-Disease-Control_MaySnapshot_OverallUnadj,"Nucleocapsid (N-protein), Spike",54.90905940211269,-124.81973814669902,British Columbia," Siemens Healthineers,  Ortho-Clinical Diagnostics, Abbott",state
6,200819_Canada_CBS_BloodDonors_Overall_Adjusted,Nucleocapsid (N-protein),53.09622841632978,-59.82883812327922, Newfoundland and Labrador,Abbott,state
6,200715_GreaterVancouverArea_BC-Centre-for-Disease-Control_MaySnapshot_OverallUnadj,Spike,55.5089425930014,-125.26758472950173,British Columbia," Ortho-Clinical Diagnostics, Abbott",state
6,200819_Canada_CBS_BloodDonors_Overall_Adjusted,Nucleocapsid (N-protein),45.7990935997,-63.1462704946171," Prince Edward Island,  Nova Scotia",Abbott,state
6,200819_Canada_CBS_BloodDonors_Overall_Adjusted,Nucleocapsid (N-protein),51.95705110852158,-99.47046191194646," New Brunswick,  Manitoba,  Saskatchewan,  Alberta,  British Columbia, Ontario",Abbott,state
7,210125_Canada_UniversityofToronto_Phase1_70yo&older_sn,Spike,52.95865261664,-89.66376049745459," Prince Edward Island,  Nova Scotia,  Newfoundland and Labrador,  New Brunswick,  Northwest Territories,  Manitoba,  Saskatchewan,  Alberta,  Quebec,  Yukon","Network Biology Collaborative
Centre at Sinai Health",state
7,210125_Canada_UniversityofToronto_Phase1_70yo&older_sn,Spike,52.3113894696,-104.63838892314214," British Columbia, Ontario","Network Biology Collaborative
Centre at Sinai Health",state
7,201218_Canada_CBS_BloodDonors_Sex_Male_UnAdj,Nucleocapsid (N-protein),49.68487342388571,-77.36675444316734," Newfoundland and Labrador,  Prince Edward Island,  Nova Scotia,  New Brunswick,  Ontario,  Manitoba,  Saskatchewan",Abbott,state
7,201218_Canada_CBS_BloodDonors_Sex_Male_UnAdj,Nucleocapsid (N-protein),54.9069435101,-119.8899861944735," Alberta, British Columbia",Abbott,state
7,210125_Canada_UniversityofToronto_Phase1_60to69yo_sn,Spike,45.7990935997,-63.1462704946171," Prince Edward Island,  Nova Scotia","Network Biology Collaborative
Centre at Sinai Health",state
7,210125_Canada_UniversityofToronto_Phase1_60to69yo_sn,Spike,54.26111179062,-97.96218418315961," Newfoundland and Labrador,  New Brunswick,  Northwest Territories,  Manitoba,  Saskatchewan,  Alberta,  Quebec,  Yukon,  British Columbia, Ontario","Network Biology Collaborative
Centre at Sinai Health",state
7,201218_Canada_CBS_BloodDonors_Ethnicity_Asian_PopAdjTestAdj,Nucleocapsid (N-protein),48.08492452564,-67.3926626771244," Newfoundland and Labrador,  Prince Edward Island,  Nova Scotia,  New Brunswick,  Ontario",Abbott,state
7,201218_Canada_CBS_BloodDonors_Ethnicity_Asian_PopAdjTestAdj,Nucleocapsid (N-protein),54.2958445898,-111.0959850263741," Manitoba,  Saskatchewan,  Alberta, British Columbia",Abbott,state
7,210208_Canada_CBS_BloodDonors_Age_60+_UnAdj,Nucleocapsid (N-protein),47.743264742525,-63.17733302131818," Newfoundland and Labrador,  Prince Edward Island,  Nova Scotia,  New Brunswick",Abbott,state
7,210208_Canada_CBS_BloodDonors_Age_60+_UnAdj,Nucleocapsid (N-protein),53.32698840346,-105.72758428116914," Ontario,  Manitoba,  Saskatchewan,  Alberta, British Columbia",Abbott,state
7,201218_Canada_CBS_BloodDonors_BritishColumbia_UnAdj,Nucleocapsid (N-protein),48.12806459203595,-62.1968829974354," Newfoundland and Labrador,  Prince Edward Island,  Nova Scotia",Abbott,state
7,201218_Canada_CBS_BloodDonors_BritishColumbia_UnAdj,Nucleocapsid (N-protein),52.210660100683334,-99.16921991439452," New Brunswick,  Ontario,  Manitoba,  Saskatchewan,  Alberta, British Columbia",Abbott,state
7,200730_Ontario_PublicHealthOntario_March_Age>=60_PopTestAdj,NR,49.355697578881944,-83.7645130869519,Ontario, Ortho-Clinical Diagnostics,state
7,200730_Ontario_PublicHealthOntario_March_Age>=60_PopTestAdj,NR,49.83007651530169,-84.48287834385816,Ontario,Abbott,state
7,201218_Canada_CBS_BloodDonors_Overall_PopAdj,Nucleocapsid (N-protein),47.534258081543726,-63.66176784995028," Newfoundland and Labrador,  Prince Edward Island,  Nova Scotia,  New Brunswick",Abbott,state
7,201218_Canada_CBS_BloodDonors_Overall_PopAdj,Nucleocapsid (N-protein),53.242820835740936,-105.29853016508065," Ontario,  Manitoba,  Saskatchewan,  Alberta, British Columbia",Abbott,state
7,210112_Canada_CBS_BloodDonors_Overall_PopAdj,Nucleocapsid (N-protein),49.57327083565,-61.644473207378354," Newfoundland and Labrador,  Prince Edward Island",Abbott,state
7,210112_Canada_CBS_BloodDonors_Overall_PopAdj,Nucleocapsid (N-protein),51.2087799023,-94.00832958233738," Nova Scotia,  New Brunswick,  Ontario,  Manitoba,  Saskatchewan,  Alberta, British Columbia",Abbott,state
7,210125_Canada_UniversityofToronto_Phase1_Males_sn,Spike,51.88325690408889,-84.7264651989221," Prince Edward Island,  Nova Scotia,  Newfoundland and Labrador,  New Brunswick,  Northwest Territories,  Manitoba,  Saskatchewan,  Alberta,  Quebec","Network Biology Collaborative
Centre at Sinai Health",state
7,210125_Canada_UniversityofToronto_Phase1_Males_sn,Spike,55.7533309896,-114.4587320101771," Yukon,  British Columbia, Ontario","Network Biology Collaborative
Centre at Sinai Health",state
7,200819_Canada_CBS_BloodDonors_Overall,Nucleocapsid (N-protein),48.054539499708014,-63.344452483501506," Newfoundland and Labrador,  Prince Edward Island,  Nova Scotia,  New Brunswick",Abbott,state
7,200819_Canada_CBS_BloodDonors_Overall,Nucleocapsid (N-protein),53.79896027890113,-105.68737410544641," Manitoba,  Saskatchewan,  Alberta,  British Columbia, Ontario",Abbott,state
7,200715_GreaterVancouverArea_BC-Centre-for-Disease-Control_MaySnapshot_OverallPopAdj,Nucleocapsid (N-protein),54.89280706437895,-124.76582524358098,British Columbia," Siemens Healthineers,  Ortho-Clinical Diagnostics",state
7,200715_GreaterVancouverArea_BC-Centre-for-Disease-Control_MaySnapshot_OverallPopAdj,"Nucleocapsid (N-protein), Spike",55.34547370740512,-124.7190691320544,British Columbia,"Abbott,  Siemens Healthineers,  Ortho-Clinical Diagnostics",state
7,210208_Canada_CBS_BloodDonors_Ethnicity_White_UnAdj,Nucleocapsid (N-protein),48.980851504633335,-72.5722765209289," Newfoundland and Labrador,  Prince Edward Island,  Nova Scotia,  New Brunswick,  Ontario,  Manitoba",Abbott,state
7,210208_Canada_CBS_BloodDonors_Ethnicity_White_UnAdj,Nucleocapsid (N-protein),54.574297319866666,-115.30453145518166," Saskatchewan,  Alberta, British Columbia",Abbott,state
7,201218_Canada_CBS_BloodDonors_Sex_Female_PopAdjTestAdj,Nucleocapsid (N-protein),50.06008717428565,-77.20132049703763," Newfoundland and Labrador,  Prince Edward Island,  Nova Scotia,  New Brunswick,  Ontario,  Manitoba,  Saskatchewan",Abbott,state
7,201218_Canada_CBS_BloodDonors_Sex_Female_PopAdjTestAdj,Nucleocapsid (N-protein),55.12250333734636,-120.37820034664898," Alberta, British Columbia",Abbott,state
7,210208_Canada_CBS_BloodDonors_Overall_UnAdj,Nucleocapsid (N-protein),54.05157906935,-106.6137607914817," ,  Manitoba,  Alberta",Abbott,state
7,210208_Canada_CBS_BloodDonors_Overall_UnAdj,Nucleocapsid (N-protein),54.79298302842874,-124.78034601045444,British Columbia,Abbott,state
7,201218_Canada_CBS_BloodDonors_Age_25-39_PopAdjTestAdj,Nucleocapsid (N-protein),47.67797815686345,-62.329996075004075," Newfoundland and Labrador,  Prince Edward Island,  Nova Scotia",Abbott,state
7,201218_Canada_CBS_BloodDonors_Age_25-39_PopAdjTestAdj,Nucleocapsid (N-protein),52.67380286311477,-98.85988691866378," New Brunswick,  Ontario,  Manitoba,  Saskatchewan,  Alberta, British Columbia",Abbott,state
7,210112_Canada_CBS_BloodDonors_Age_17-24_PopAdjTestAdj,Nucleocapsid (N-protein),48.56971374766352,-67.40950242371908," Newfoundland and Labrador,  Prince Edward Island,  Nova Scotia,  New Brunswick,  Ontario",Abbott,state
7,210112_Canada_CBS_BloodDonors_Age_17-24_PopAdjTestAdj,Nucleocapsid (N-protein),54.508563432674094,-111.1483983127413," Manitoba,  Saskatchewan,  Alberta, British Columbia",Abbott,state
8,210125_Canada_UniversityofToronto_Phase1_Females_sp,Spike,45.7990935997,-63.1462704946171," Prince Edward Island,  Nova Scotia","Network Biology Collaborative
Centre at Sinai Health",state
8,210125_Canada_UniversityofToronto_Phase1_Females_sp,Spike,54.26111179062,-97.96218418315961," Newfoundland and Labrador,  New Brunswick,  Northwest Territories,  Manitoba,  Saskatchewan,  Alberta,  Quebec,  Yukon,  British Columbia, Ontario","Network Biology Collaborative
Centre at Sinai Health",state
8,210125_Canada_UniversityofToronto_Phase1_Ethnicity_Others,Spike,52.95865261664,-89.66376049745459," Prince Edward Island,  Nova Scotia,  Newfoundland and Labrador,  New Brunswick,  Northwest Territories,  Manitoba,  Saskatchewan,  Alberta,  Quebec,  Yukon","Network Biology Collaborative
Centre at Sinai Health",state
8,210125_Canada_UniversityofToronto_Phase1_Ethnicity_Others,Spike,52.3113894696,-104.63838892314214," British Columbia, Ontario","Network Biology Collaborative
Centre at Sinai Health",state
8,210208_Canada_CBS_BloodDonors_Ethnicity_Asian_PopAdjTestAdj,Nucleocapsid (N-protein),47.743264742525,-63.17733302131818," Newfoundland and Labrador,  Prince Edward Island,  Nova Scotia,  New Brunswick",Abbott,state
8,210208_Canada_CBS_BloodDonors_Ethnicity_Asian_PopAdjTestAdj,Nucleocapsid (N-protein),49.74157155726628,-83.9013564635489, Ontario,Abbott,state
8,210208_Canada_CBS_BloodDonors_Ethnicity_Asian_PopAdjTestAdj,Nucleocapsid (N-protein),54.2958445898,-111.0959850263741," Manitoba,  Saskatchewan,  Alberta, British Columbia",Abbott,state
8,200730_Ontario_PublicHealthOntario_March_Age20-59yr_PopTestAdj,NR,49.36023305842183,-84.24132444192814,Ontario, Ortho-Clinical Diagnostics,state
8,200730_Ontario_PublicHealthOntario_March_Age20-59yr_PopTestAdj,NR,49.367165109202624,-84.26425788651974,Ontario,Abbott,state
8,210125_Canada_UniversityofToronto_Phase2_Overall_PopAdj,Spike,48.11468012776667,-62.11064466825044," Prince Edward Island,  Nova Scotia,  Newfoundland and Labrador","Network Biology Collaborative
Centre at Sinai Health",state
8,210125_Canada_UniversityofToronto_Phase2_Overall_PopAdj,Spike,54.64218360736667,-100.03688420941958," New Brunswick,  Northwest Territories,  Prairies,  Quebec,  Yukon,  British Columbia, Ontario","Network Biology Collaborative
Centre at Sinai Health",state
8,200819_Canada_CBS_BloodDonors_60+,Nucleocapsid (N-protein),49.57327083565,-61.644473207378354," Newfoundland and Labrador,  Prince Edward Island",Abbott,state
8,200819_Canada_CBS_BloodDonors_60+,Nucleocapsid (N-protein),51.2087799023,-94.00832958233738," Nova Scotia,  New Brunswick,  Manitoba,  Saskatchewan,  Alberta,  British Columbia, Ontario",Abbott,state
8,210125_Canada_UniversityofToronto_Phase1_70yo&older_sp,Spike,48.574911449651665,-62.04035045289812," Prince Edward Island,  Nova Scotia,  Newfoundland and Labrador","Network Biology Collaborative
Centre at Sinai Health",state
8,210125_Canada_UniversityofToronto_Phase1_70yo&older_sp,Spike,54.42947385803333,-102.17582764623099," New Brunswick,  Northwest Territories,  Manitoba,  Saskatchewan,  Alberta,  Quebec,  Yukon,  British Columbia, Ontario","Network Biology Collaborative
Centre at Sinai Health",state
8,210112_Canada_CBS_BloodDonors_Overall_PopAdj,Nucleocapsid (N-protein),49.96369610649682,-61.552990546208896," Newfoundland and Labrador,  Prince Edward Island",Abbott,state
8,210112_Canada_CBS_BloodDonors_Overall_PopAdj,Nucleocapsid (N-protein),51.17374277213185,-93.96897462168296," Nova Scotia,  New Brunswick,  Ontario,  Manitoba,  Saskatchewan,  Alberta, British Columbia",Abbott,state
8,210208_Canada_CBS_BloodDonors_Age_17-24_UnAdj,Nucleocapsid (N-protein),48.052602711094536,-61.833564757289786," Newfoundland and Labrador,  Prince Edward Island,  Nova Scotia",Abbott,state
8,210208_Canada_CBS_BloodDonors_Age_17-24_UnAdj,Nucleocapsid (N-protein),52.210660100683334,-99.16921991439452," New Brunswick,  Ontario,  Manitoba,  Saskatchewan,  Alberta, British Columbia",Abbott,state
8,210112_Canada_CBS_BloodDonors_Ethnicity_White_UnAdj,Nucleocapsid (N-protein),48.17207312097993,-62.37536849612548," Newfoundland and Labrador,  Prince Edward Island,  Nova Scotia",Abbott,state
8,210112_Canada_CBS_BloodDonors_Ethnicity_White_UnAdj,Nucleocapsid (N-protein),51.85377510798919,-98.92659030055528," New Brunswick,  Ontario,  Manitoba,  Saskatchewan,  Alberta, British Columbia",Abbott,state
8,201218_Canada_CBS_BloodDonors_Age_17-24_UnAdj,Nucleocapsid (N-protein),52.75804949645989,-60.127021408523646, Newfoundland and Labrador,Abbott,state
8,201218_Canada_CBS_BloodDonors_Age_17-24_UnAdj,Nucleocapsid (N-protein),50.607768475437496,-90.16348255945016," Prince Edward Island,  Nova Scotia,  New Brunswick,  Ontario,  Manitoba,  Saskatchewan,  Alberta, British Columbia",Abbott,state
8,201106_BC_BCChildrensHospital_HCW,Nucleocapsid (N-protein),48.88537907265177,-123.51675534551566,British Columbia," Meso Scale Diagnostics, Ortho-Clinical Diagnostics",city
8,201106_BC_BCChildrensHospital_HCW,Spike,49.360321254836904,-122.89184620474256,British Columbia," Meso Scale Diagnostics, Ortho-Clinical Diagnostics",city
8,200819_Canada_CBS_BloodDonors_25-39,Nucleocapsid (N-protein),48.88670907394,-70.23593556504483," Newfoundland and Labrador,  Prince Edward Island,  Nova Scotia,  New Brunswick,  Manitoba",Abbott,state
8,200819_Canada_CBS_BloodDonors_25-39,Nucleocapsid (N-protein),53.293613904425,-107.54189391647357," Saskatchewan,  Alberta,  British Columbia, Ontario",Abbott,state
8,210208_Canada_CBS_BloodDonors_Ethnicity_Others_PopAdjTestAdj,Nucleocapsid (N-protein),49.68487342388571,-77.36675444316734," Newfoundland and Labrador,  Prince Edward Island,  Nova Scotia,  New Brunswick,  Ontario,  Manitoba,  Saskatchewan",Abbott,state
8,210208_Canada_CBS_BloodDonors_Ethnicity_Others_PopAdjTestAdj,Nucleocapsid (N-protein),54.9069435101,-119.8899861944735," Alberta, British Columbia",Abbott,state
8,200819_Canada_CBS_BloodDonors_25-39_Adjusted,Nucleocapsid (N-protein),47.32421879517836,-63.136722842915546," Newfoundland and Labrador,  Prince Edward Island,  Nova Scotia,  New Brunswick",Abbott,state
8,200819_Canada_CBS_BloodDonors_25-39_Adjusted,Nucleocapsid (N-protein),53.32698840346,-105.72758428116914," Manitoba,  Saskatchewan,  Alberta,  British Columbia, Ontario",Abbott,state
8,210112_Canada_CBS_BloodDonors_Age_60+_UnAdj,Nucleocapsid (N-protein),48.09062340689402,-63.54796502940732," Newfoundland and Labrador,  Prince Edward Island,  Nova Scotia,  New Brunswick",Abbott,state
8,210112_Canada_CBS_BloodDonors_Age_60+_UnAdj,Nucleocapsid (N-protein),53.223307795411415,-106.03905494537845," Ontario,  Manitoba,  Saskatchewan,  Alberta, British Columbia",Abbott,state
9,210125_Canada_UniversityofToronto_Phase1_70yo&older_sn,Spike,52.95865261664,-89.66376049745459," Prince Edward Island,  Nova Scotia,  Newfoundland and Labrador,  New Brunswick,  Northwest Territories,  Manitoba,  Saskatchewan,  Alberta,  Quebec,  Yukon","Network Biology Collaborative
Centre at Sinai Health",state
9,210125_Canada_UniversityofToronto_Phase1_70yo&older_sn,Spike,52.3113894696,-104.63838892314214," British Columbia, Ontario","Network Biology Collaborative
Centre at Sinai Health",state
9,210125_Canada_UniversityofToronto_Phase1_Females_sp,Spike,52.77706058900526,-90.14093340243916," Prince Edward Island,  Nova Scotia,  Newfoundland and Labrador,  New Brunswick,  Northwest Territories,  Manitoba,  Saskatchewan,  Alberta,  Quebec,  Yukon","Network Biology Collaborative
Centre at Sinai Health",state
9,210125_Canada_UniversityofToronto_Phase1_60to69yo_sn,Spike,52.68860005535103,-89.57005750807014," Prince Edward Island,  Nova Scotia,  Newfoundland and Labrador,  New Brunswick,  Northwest Territories,  Manitoba,  Saskatchewan,  Alberta,  Quebec,  Yukon","Network Biology Collaborative
Centre at Sinai Health",state
9,210125_Canada_UniversityofToronto_Phase1_Females_sp,Spike,52.4487045129741,-105.03671449705166," British Columbia, Ontario","Network Biology Collaborative
Centre at Sinai Health",state
9,210125_Canada_UniversityofToronto_Phase1_60to69yo_sn,Spike,52.59502968659042,-104.42822673617617," British Columbia, Ontario","Network Biology Collaborative
Centre at Sinai Health",state
9,201218_Canada_CBS_BloodDonors_Ethnicity_Asian_PopAdjTestAdj,Nucleocapsid (N-protein),50.3045982132875,-82.04055711814793," Newfoundland and Labrador,  Prince Edward Island,  Nova Scotia,  New Brunswick,  Ontario,  Manitoba,  Saskatchewan,  Alberta",Abbott,state
9,201218_Canada_CBS_BloodDonors_Ethnicity_Asian_PopAdjTestAdj,Nucleocapsid (N-protein),54.78219802499655,-124.8743061782395,British Columbia,Abbott,state
9,210125_Canada_UniversityofToronto_Phase1_Ethnicity_Others,Spike,46.4006884874,-63.2495533992396, Prince Edward Island,"Network Biology Collaborative
Centre at Sinai Health",state
9,210125_Canada_UniversityofToronto_Phase1_Ethnicity_Others,Spike,53.43714696529091,-94.78771176559914," Nova Scotia,  Newfoundland and Labrador,  New Brunswick,  Northwest Territories,  Manitoba,  Saskatchewan,  Alberta,  Quebec,  Yukon,  British Columbia, Ontario","Network Biology Collaborative
Centre at Sinai Health",state
9,210208_Canada_CBS_BloodDonors_Age_60+_UnAdj,Nucleocapsid (N-protein),52.7458531839,-60.0393930155171, Newfoundland and Labrador,Abbott,state
9,210208_Canada_CBS_BloodDonors_Age_60+_UnAdj,Nucleocapsid (N-protein),50.607768475437496,-90.16348255945016," Prince Edward Island,  Nova Scotia,  New Brunswick,  Ontario,  Manitoba,  Saskatchewan,  Alberta, British Columbia",Abbott,state
9,210208_Canada_CBS_BloodDonors_Age_40-59_PopAdjTestAdj,Nucleocapsid (N-protein),48.980851504633335,-72.5722765209289," Newfoundland and Labrador,  Prince Edward Island,  Nova Scotia,  New Brunswick,  Ontario,  Manitoba",Abbott,state
9,210208_Canada_CBS_BloodDonors_Age_40-59_PopAdjTestAdj,Nucleocapsid (N-protein),54.574297319866666,-115.30453145518166," Saskatchewan,  Alberta, British Columbia",Abbott,state
9,200819_Canada_CBS_BloodDonors_17-24,Nucleocapsid (N-protein),51.0195546661625,-87.13665902384614," Newfoundland and Labrador,  Prince Edward Island,  Nova Scotia,  New Brunswick,  Manitoba,  Saskatchewan,  Alberta,  British Columbia",Abbott,state
9,200819_Canada_CBS_BloodDonors_17-24,Nucleocapsid (N-protein),49.921436260534655,-84.24406430482463,Ontario,Abbott,state
9,210125_Canada_UniversityofToronto_Phase2_Overall_PopAdj,Spike,50.9338828115,-74.24991651277594," Prince Edward Island,  Nova Scotia,  Newfoundland and Labrador,  New Brunswick,  Northwest Territories","Network Biology Collaborative
Centre at Sinai Health",state
9,210125_Canada_UniversityofToronto_Phase2_Overall_PopAdj,Spike,54.3819319925,-103.82591417434728," Prairies,  Quebec,  Yukon,  British Columbia, Ontario","Network Biology Collaborative
Centre at Sinai Health",state
9,201017_Vancouver_UniversityofBritishColumbia_LTCF_overall,"Nucleocapsid (N-protein), Spike",49.373208570983245,-122.64332185177567,British Columbia," Siemens ,  Abbott,  Ortho Vitros , DiaSorin",city
9,201017_Vancouver_UniversityofBritishColumbia_LTCF_overall,Spike,49.36551204589105,-123.0654800573545,British Columbia,DiaSorin,city
9,210112_Canada_CBS_BloodDonors_Overall_UnAdj,Nucleocapsid (N-protein),47.743264742525,-63.17733302131818," Newfoundland and Labrador,  Prince Edward Island,  Nova Scotia,  New Brunswick",Abbott,state
9,210112_Canada_CBS_BloodDonors_Overall_UnAdj,Nucleocapsid (N-protein),53.32698840346,-105.72758428116914," Ontario,  Manitoba,  Saskatchewan,  Alberta, British Columbia",Abbott,state
9,210125_Canada_UniversityofToronto_Phase1_40to59yo_sn,Spike,51.71984362807143,-82.26479289720416," Prince Edward Island,  Nova Scotia,  Newfoundland and Labrador,  New Brunswick,  Northwest Territories,  Manitoba,  Saskatchewan","Network Biology Collaborative
Centre at Sinai Health",state
9,210125_Canada_UniversityofToronto_Phase1_40to59yo_sn,Spike,54.43407994182,-106.01216650808023," Alberta,  Quebec,  Yukon,  British Columbia, Ontario","Network Biology Collaborative
Centre at Sinai Health",state
9,200715_GreaterVancouverArea_BC-Centre-For-Disease-Control_MarchSnapshot_OverallPopAdj,Nucleocapsid (N-protein),55.476797841894744,-125.24971468639055,British Columbia," Ortho-Clinical Diagnostics, Abbott",state
9,200715_GreaterVancouverArea_BC-Centre-For-Disease-Control_MarchSnapshot_OverallPopAdj,Spike,55.250871468523975,-125.47724354752064,British Columbia," Ortho-Clinical Diagnostics, Abbott",state
9,210208_Canada_CBS_BloodDonors_Ethnicity_Indigenous_UnAdj,Nucleocapsid (N-protein),47.81285987669928,-62.10276061699763," Newfoundland and Labrador,  Prince Edward Island,  Nova Scotia",Abbott,state
9,210208_Canada_CBS_BloodDonors_Ethnicity_Indigenous_UnAdj,Nucleocapsid (N-protein),52.210660100683334,-99.16921991439452," New Brunswick,  Ontario,  Manitoba,  Saskatchewan,  Alberta, British Columbia",Abbott,state
9,201218_Canada_CBS_BloodDonors_Overall_PopTestAdj,Nucleocapsid (N-protein),48.313917635611595,-62.40576570791842," Newfoundland and Labrador,  Prince Edward Island,  Nova Scotia",Abbott,state
9,201218_Canada_CBS_BloodDonors_Overall_PopTestAdj,Nucleocapsid (N-protein),52.18369060014368,-99.62703613482405," New Brunswick,  Ontario,  Manitoba,  Saskatchewan,  Alberta, British Columbia",Abbott,state
9,210208_Canada_CBS_BloodDonors_Age_17-24_PopAdjTestAdj,Nucleocapsid (N-protein),48.57933949169042,-72.10314952774117," Newfoundland and Labrador,  Prince Edward Island,  Nova Scotia,  New Brunswick,  Ontario,  Manitoba",Abbott,state
9,210208_Canada_CBS_BloodDonors_Age_17-24_PopAdjTestAdj,Nucleocapsid (N-protein),54.91027672165258,-115.05922391392072," Saskatchewan,  Alberta, British Columbia",Abbott,state
9,210208_Canada_CBS_BloodDonors_Age_25-39_PopAdjTestAdj,Nucleocapsid (N-protein),49.96034721540405,-81.68693440684221," Newfoundland and Labrador,  Prince Edward Island,  Nova Scotia,  New Brunswick,  Ontario,  Manitoba,  Saskatchewan,  Alberta",Abbott,state
9,210208_Canada_CBS_BloodDonors_Age_25-39_PopAdjTestAdj,Nucleocapsid (N-protein),55.60666153250555,-125.25636055890782,British Columbia,Abbott,state
9,200819_Canada_CBS_BloodDonors_Overall_Adjusted,Nucleocapsid (N-protein),49.57327083565,-61.644473207378354," Newfoundland and Labrador,  Prince Edward Island",Abbott,state
9,200819_Canada_CBS_BloodDonors_Overall_Adjusted,Nucleocapsid (N-protein),51.2087799023,-94.00832958233738," Nova Scotia,  New Brunswick,  Manitoba,  Saskatchewan,  Alberta,  British Columbia, Ontario",Abbott,state
9,201218_Canada_CBS_BloodDonors_Ethnicity_White_UnAdj,Nucleocapsid (N-protein),52.48160815115162,-59.968689492444106, Newfoundland and Labrador,Abbott,state
9,210208_Canada_CBS_BloodDonors_Ethnicity_Indigenous_PopAdjTestAdj,Nucleocapsid (N-protein),47.51307400434803,-63.13755060590943," Newfoundland and Labrador,  Prince Edward Island,  Nova Scotia,  New Brunswick",Abbott,state
9,201218_Canada_CBS_BloodDonors_Ethnicity_White_UnAdj,Nucleocapsid (N-protein),51.055883172307404,-90.63061522902382," Prince Edward Island,  Nova Scotia,  New Brunswick,  Ontario,  Manitoba,  Saskatchewan,  Alberta, British Columbia",Abbott,state
9,210208_Canada_CBS_BloodDonors_Ethnicity_Indigenous_PopAdjTestAdj,Nucleocapsid (N-protein),53.698019351556916,-106.14175601366071," Ontario,  Manitoba,  Saskatchewan,  Alberta, British Columbia",Abbott,state
9,201218_Canada_CBS_BloodDonors_Age_60+_UnAdj,Nucleocapsid (N-protein),49.68487342388571,-77.36675444316734," Newfoundland and Labrador,  Prince Edward Island,  Nova Scotia,  New Brunswick,  Ontario,  Manitoba,  Saskatchewan",Abbott,state
9,201218_Canada_CBS_BloodDonors_Age_60+_UnAdj,Nucleocapsid (N-protein),54.9069435101,-119.8899861944735," Alberta, British Columbia",Abbott,state
9,210125_Canada_UniversityofToronto_Phase1_18to39yo_sp,Spike,51.88325690408889,-84.7264651989221," Prince Edward Island,  Nova Scotia,  Newfoundland and Labrador,  New Brunswick,  Northwest Territories,  Manitoba,  Saskatchewan,  Alberta,  Quebec","Network Biology Collaborative
Centre at Sinai Health",state
9,210125_Canada_UniversityofToronto_Phase1_18to39yo_sp,Spike,55.7533309896,-114.4587320101771," Yukon,  British Columbia, Ontario","Network Biology Collaborative
Centre at Sinai Health",state
9,201218_Canada_CBS_BloodDonors_Ethnicity_Others_UnAdj,Nucleocapsid (N-protein),48.6703614936259,-72.75433839011436," Newfoundland and Labrador,  Prince Edward Island,  Nova Scotia,  New Brunswick,  Ontario,  Manitoba",Abbott,state
9,201218_Canada_CBS_BloodDonors_Ethnicity_Others_UnAdj,Nucleocapsid (N-protein),54.65177294314168,-115.57572404545913," Saskatchewan,  Alberta, British Columbia",Abbott,state
9,201218_Canada_CBS_BloodDonors_Age_40-59_PopAdjTestAdj,Nucleocapsid (N-protein),50.74323686615835,-94.33236690127363," Nova Scotia,  New Brunswick,  Ontario,  Manitoba,  Saskatchewan,  Alberta, British Columbia",Abbott,state
9,201218_Canada_CBS_BloodDonors_Age_40-59_PopAdjTestAdj,Nucleocapsid (N-protein),49.410675474666,-61.39000491164404," Newfoundland and Labrador,  Prince Edward Island",Abbott,state
10,210112_Canada_CBS_BloodDonors_Sex_Male_PopAdjTestAdj,Nucleocapsid (N-protein),48.08492452564,-67.3926626771244," Newfoundland and Labrador,  Prince Edward Island,  Nova Scotia,  New Brunswick,  Ontario",Abbott,state
10,210112_Canada_CBS_BloodDonors_Sex_Male_PopAdjTestAdj,Nucleocapsid (N-protein),54.2958445898,-111.0959850263741," Manitoba,  Saskatchewan,  Alberta, British Columbia",Abbott,state
10,210125_Canada_UniversityofToronto_Phase1_Atlantic_sp,Spike,45.7990935997,-63.1462704946171," Prince Edward Island,  Nova Scotia","Network Biology Collaborative
Centre at Sinai Health",state
10,210125_Canada_UniversityofToronto_Phase1_Atlantic_sp,Spike,53.16966905098472,-60.24523307749302,Newfoundland and Labrador,"Network Biology Collaborative
Centre at Sinai Health",state
10,210208_Canada_CBS_BloodDonors_Ethnicity_Asian_PopAdjTestAdj,Nucleocapsid (N-protein),48.980851504633335,-72.5722765209289," Newfoundland and Labrador,  Prince Edward Island,  Nova Scotia,  New Brunswick,  Ontario,  Manitoba",Abbott,state
10,210208_Canada_CBS_BloodDonors_Ethnicity_Asian_PopAdjTestAdj,Nucleocapsid (N-protein),54.574297319866666,-115.30453145518166," Saskatchewan,  Alberta, British Columbia",Abbott,state
10,210112_Canada_CBS_BloodDonors_Age_25-39_UnAdj,Nucleocapsid (N-protein),48.30295227876137,-62.012138758964724," Newfoundland and Labrador,  Prince Edward Island,  Nova Scotia",Abbott,state
10,210112_Canada_CBS_BloodDonors_Age_25-39_UnAdj,Nucleocapsid (N-protein),52.210660100683334,-99.16921991439452," New Brunswick,  Ontario,  Manitoba,  Saskatchewan,  Alberta, British Columbia",Abbott,state
10,201017_Vancouver_UniversityofBritishColumbia_LTCF_residents,"Nucleocapsid (N-protein), Spike",49.29965766939167,-123.08182506044226,British Columbia," Siemens ,  Abbott,  Ortho Vitros , DiaSorin",city
10,201017_Vancouver_UniversityofBritishColumbia_LTCF_residents,Spike,49.54951886594002,-123.05759271817796,British Columbia,DiaSorin,city
10,210125_Canada_UniversityofToronto_Phase1_Females_sn,Spike,50.9338828115,-74.24991651277594," Prince Edward Island,  Nova Scotia,  Newfoundland and Labrador,  New Brunswick,  Northwest Territories","Network Biology Collaborative
Centre at Sinai Health",state
10,210125_Canada_UniversityofToronto_Phase1_Females_sn,Spike,54.21998443544286,-104.9521143224215," Manitoba,  Saskatchewan,  Alberta,  Quebec,  Yukon,  British Columbia, Ontario","Network Biology Collaborative
Centre at Sinai Health",state
10,200819_Canada_CBS_BloodDonors_17-24,Nucleocapsid (N-protein),51.0195546661625,-87.13665902384614," Newfoundland and Labrador,  Prince Edward Island,  Nova Scotia,  New Brunswick,  Manitoba,  Saskatchewan,  Alberta,  British Columbia",Abbott,state
10,200819_Canada_CBS_BloodDonors_17-24,Nucleocapsid (N-protein),49.62833826116714,-84.57636724860458,Ontario,Abbott,state
10,201017_Vancouver_UniversityofBritishColumbia_LTCF_overall,Nucleocapsid (N-protein),49.76061266010038,-122.97409082864566,British Columbia," Siemens ,  Abbott",city
10,201017_Vancouver_UniversityofBritishColumbia_LTCF_overall,"Nucleocapsid (N-protein), Spike",49.01606766934876,-123.09119193634136,British Columbia," Ortho Vitros , DiaSorin,  Siemens ,  Abbott",city
10,200819_Canada_CBS_BloodDonors_Female,Nucleocapsid (N-protein),48.88670907394,-70.23593556504483," Newfoundland and Labrador,  Prince Edward Island,  Nova Scotia,  New Brunswick,  Manitoba",Abbott,state
10,200819_Canada_CBS_BloodDonors_Female,Nucleocapsid (N-protein),53.293613904425,-107.54189391647357," Saskatchewan,  Alberta,  British Columbia, Ontario",Abbott,state
10,210208_Canada_CBS_BloodDonors_Sex_Female_PopAdjTestAdj,Nucleocapsid (N-protein),50.3045982132875,-82.04055711814793," Newfoundland and Labrador,  Prince Edward Island,  Nova Scotia,  New Brunswick,  Ontario,  Manitoba,  Saskatchewan,  Alberta",Abbott,state
10,210208_Canada_CBS_BloodDonors_Sex_Female_PopAdjTestAdj,Nucleocapsid (N-protein),54.70372330375471,-124.86997352160225,British Columbia,Abbott,state
10,210125_Canada_UniversityofToronto_Phase1_PopAdj_sn,Spike,51.71984362807143,-82.26479289720416," Prince Edward Island,  Nova Scotia,  Newfoundland and Labrador,  New Brunswick,  Northwest Territories,  Manitoba,  Saskatchewan","Network Biology Collaborative
Centre at Sinai Health",state
10,210125_Canada_UniversityofToronto_Phase1_PopAdj_sn,Spike,54.43407994182,-106.01216650808023," Alberta,  Quebec,  Yukon,  British Columbia, Ontario","Network Biology Collaborative
Centre at Sinai Health",state
10,201218_Canada_CBS_BloodDonors_Ethnicity_Others_PopAdjTestAdj,Nucleocapsid (N-protein),49.818689558099976,-82.19057141019675," Newfoundland and Labrador,  Prince Edward Island,  Nova Scotia,  New Brunswick,  Ontario,  Manitoba,  Saskatchewan,  Alberta",Abbott,state
10,201218_Canada_CBS_BloodDonors_Ethnicity_Others_PopAdjTestAdj,Nucleocapsid (N-protein),54.76736191157387,-125.14188777172612,British Columbia,Abbott,state
10,210112_Canada_CBS_BloodDonors_Age_60+_UnAdj,Nucleocapsid (N-protein),49.57327083565,-61.644473207378354," Newfoundland and Labrador,  Prince Edward Island",Abbott,state
10,210112_Canada_CBS_BloodDonors_Age_60+_UnAdj,Nucleocapsid (N-protein),51.2087799023,-94.00832958233738," Nova Scotia,  New Brunswick,  Ontario,  Manitoba,  Saskatchewan,  Alberta, British Columbia",Abbott,state
10,200730_Ontario_PublicHealthOntario_June_Males_UnAdj,NR,49.063815110417465,-84.26571249376316,Ontario, Ortho-Clinical Diagnostics,state
10,200730_Ontario_PublicHealthOntario_June_Males_UnAdj,NR,49.12356223012994,-84.52486350384453,Ontario,Abbott,state
